{
    "model_name": "knn",
    "accuracy": 0.8,
    "precision": 0.78125,
    "recall": 0.8333333333333334,
    "f1_score": 0.8064516129032258
}