{
    "model_name": "logistic_regression",
    "accuracy": 0.9166666666666666,
    "precision": 1.0,
    "recall": 0.8214285714285714,
    "f1_score": 0.9019607843137255
}