Cluster,Patient_Count,age,sex,cp,trestbps,chol,fbs,restecg,thalach,exang,oldpeak,slope,ca,thal,condition
0,109,47.559633027522935,0.6972477064220184,2.0091743119266057,122.21100917431193,230.05504587155963,0.06422018348623854,0.3853211009174312,162.6880733944954,0.1559633027522936,0.5155963302752293,0.3486238532110092,0.1926605504587156,0.5871559633027523,0.22935779816513763
1,103,58.75728155339806,0.7961165048543689,2.8446601941747574,133.6893203883495,253.06796116504853,0.1650485436893204,1.233009708737864,130.5631067961165,0.6310679611650486,1.8922330097087379,0.9320388349514563,1.4174757281553398,1.4951456310679612,0.9029126213592233
2,85,58.38823529411765,0.5058823529411764,1.5176470588235293,141.43529411764706,262.6,0.2235294117647059,1.4941176470588236,155.88235294117646,0.17647058823529413,0.7341176470588235,0.5294117647058824,0.4,0.35294117647058826,0.2235294117647059
