Cluster,Patient_Count,age,sex,cp,trestbps,chol,fbs,restecg,thalach,exang,oldpeak,slope,ca,thal,condition
0,234,47.52564102564103,0.6581196581196581,1.7136752136752136,125.21794871794872,232.63675213675214,0.1111111111111111,0.7435897435897436,165.2991452991453,0.12393162393162394,0.4658119658119658,0.8974358974358975,0.21367521367521367,1.1452991452991452,0.47435897435897434
1,173,57.34104046242775,0.7283236994219653,0.17341040462427745,134.13294797687863,252.84971098265896,0.13872832369942195,0.5202312138728323,141.16184971098266,0.48554913294797686,1.3745664739884393,1.2485549132947977,0.9653179190751445,2.3179190751445087,0.3179190751445087
2,192,60.380208333333336,0.6614583333333334,2.609375,137.24479166666666,258.9895833333333,0.19791666666666666,0.9947916666666666,138.02083333333334,0.4322916666666667,1.4671874999999999,0.9114583333333334,1.046875,1.4479166666666667,0.703125
