model_name,accuracy,precision,recall,f1_score
logistic_regression,0.9166666666666666,1.0,0.8214285714285714,0.9019607843137255
knn,0.8666666666666667,0.9545454545454546,0.75,0.84
decision_tree,0.75,0.7407407407407407,0.7142857142857143,0.7272727272727273
random_forest,0.85,0.9523809523809523,0.7142857142857143,0.8163265306122449
naive_bayes,0.8666666666666667,1.0,0.7142857142857143,0.8333333333333334
