model_name,accuracy,precision,recall,f1_score
knn,0.8,0.78125,0.8333333333333334,0.8064516129032258
random_forest,0.7916666666666666,0.7777777777777778,0.8166666666666667,0.7967479674796748
decision_tree,0.6916666666666667,0.6666666666666666,0.7666666666666667,0.7131782945736435
logistic_regression,0.7083333333333334,0.6923076923076923,0.75,0.72
naive_bayes,0.725,0.7368421052631579,0.7,0.717948717948718
