model_name,accuracy,precision,recall,f1_score
logistic_regression,0.916666667,1,0.821428571,0.901960784
random_forest,0.866666667,0.954545455,0.75,0.84
decision_tree,0.8,0.833333333,0.714285714,0.769230769
knn,0.866666667,1,0.714285714,0.833333333
naive_bayes,0.866666667,1,0.714285714,0.833333333
