model_name,accuracy,precision,recall,f1_score
logistic_regression,0.9166666666666666,1.0,0.8214285714285714,0.9019607843137255
random_forest,0.8666666666666667,0.9545454545454546,0.75,0.84
decision_tree,0.8,0.8333333333333334,0.7142857142857143,0.7692307692307693
knn,0.8666666666666667,1.0,0.7142857142857143,0.8333333333333334
naive_bayes,0.8666666666666667,1.0,0.7142857142857143,0.8333333333333334
